<?xml version="1.0" encoding="UTF-8" standalone="yes"?>
<addon id="plugin.video.megatv"
       name="[B][COLOR blue]Mega[/COLOR] [COLOR white]TV[/COLOR][/B]"
       version="3.0.0"
       provider-name="[B][COLOR blue]Mega[/COLOR] [COLOR white]TV[/COLOR][/B]">
<requires>
    <import addon="xbmc.python" version="2.1.0"/>
    <import addon="script.module.beautifulsoup" version="3.2.1"/>
    <import addon="script.module.simple.downloader" version="0.9.4"/>
    <import addon="script.module.beautifulsoup4" />
    <import addon="script.module.requests" />
    <import addon="script.module.httplib2" />
    <import addon="script.module.liveresolver" version="0.1.24" optional="true"/>
    <import addon="script.module.youtube.dl" optional="true"/>
    <import addon="plugin.video.youtube" optional="true" />
	<import addon="plugin.video.SportsDevil" optional="true" />
    <import addon="script.module.urlresolver" optional="true"/>
    <import addon="script.module.simplejson" />    
    <import addon="script.module.livestreamer" optional="true"/>
    <import addon="script.module.pyamf" optional="true"/>
</requires>
<extension point="xbmc.python.pluginsource" library="default.py">
    <provides>video</provides>
</extension>
<extension point="xbmc.addon.metadata">
    <summary lang="pt">[COLOR white]TV Ao Vivo, Filmes, Séries, Desenhos, Séries Animadas e Rádios FM[/COLOR]</summary>
    <description lang="pt">[B][COLOR lime]●[/COLOR] [COLOR blue]Mega[/COLOR] [COLOR white]TV[/COLOR] [COLOR white]é Apenas um Agregador e Assim Como o Google.com, Apenas Agrega e Organiza os Links Externos. Não Somos Responsáveis Pelos Arquivos Aqui Encontrados.[/COLOR][/B] [B][COLOR firebrick]●[/COLOR] [COLOR white]Proibido a Venda dos Add-ons [COLOR blue]Mega[/COLOR] [COLOR white]TV[/COLOR][/B] [B][COLOR firebrick]●[/COLOR] [COLOR white]Não Vendemos IPTV, Caso Ache Sites ou Mesmo Apps é Falso.[/COLOR][/B]</description>
    <disclaimer lang="pt">[B][COLOR white]OBRIGADO POR ACESSAR NOSSO[/COLOR] [COLOR gold]ADD-ON[/COLOR][/B]</disclaimer>
    <platform>all</platform>
    <assets>
    <icon>icon.png</icon>
    <fanart>fanart.jpg</fanart>
    </assets>
    <news>v3.0.0
    - Addon Mega TV
    </news>   
</extension>
</addon>
