<?xml version="1.0" encoding="UTF-8" standalone="yes"?>
<addon id="repository.megatvrepo" 
       name="[B][COLOR blue]Mega[/COLOR] [COLOR white]TV[/COLOR] [COLOR gold]Repo[/COLOR][/B]" 
	   version="1.0" 
	   provider-name="[B][COLOR blue]Mega[/COLOR] [COLOR white]TV[/COLOR][/B]">
    <extension point="xbmc.addon.repository" name="[B][COLOR blue]Mega[/COLOR] [COLOR white]TV[/COLOR][/B]">
      <dir>
      <info compressed="false">https://raw.githubusercontent.com/megatvonlinegratis/megatvrepo/master/addons.xml</info>
      <checksum>https://raw.githubusercontent.com/megatvonlinegratis/megatvrepo/master/addons.xml.md5</checksum>
      <datadir zip="true">https://raw.githubusercontent.com/megatvonlinegratis/megatvrepo/master</datadir>
	  <hashes>false</hashes>
      </dir>
	  <dir minversion="19.0.0">
      <info compressed="true">https://raw.githubusercontent.com/megatvonlinegratis/megatvrepo/master/matrix/addons.xml</info>
      <checksum>https://raw.githubusercontent.com/megatvonlinegratis/megatvrepo/master/matrix/addons.xml.md5</checksum>
      <datadir zip="true">https://raw.githubusercontent.com/megatvonlinegratis/megatvrepo/master/matrix</datadir>
      <hashes>false</hashes>
      </dir>
	  <dir minversion="17.0.0" maxversion="18.9.0">
      <info compressed="true">https://raw.githubusercontent.com/megatvonlinegratis/megatvrepo/master/leia/addons.xml</info>
      <checksum>https://raw.githubusercontent.com/megatvonlinegratis/megatvrepo/master/leia/addons.xml.md5</checksum>
      <datadir zip="true">https://raw.githubusercontent.com/megatvonlinegratis/megatvrepo/master/leia</datadir>
      <hashes>false</hashes>
      </dir>
    </extension>
    <extension point="xbmc.addon.metadata">
        <summary>[B][COLOR white]TV Ao Vivo, Filmes, Séries, Desenhos, Séries Animadas e Rádios FM[/COLOR]</summary>
        <description>[B][COLOR lime]●[/COLOR] [COLOR blue]Mega[/COLOR] [COLOR white]TV[/COLOR] [COLOR white]é Apenas um Agregador e Assim Como o Google.com, Apenas Agrega e Organiza os Links Externos. Não Somos Responsáveis Pelos Arquivos Aqui Encontrados.[/COLOR][/B] [B][COLOR firebrick]●[/COLOR] [COLOR white]Proibido a Venda dos Add-ons [COLOR blue]Mega[/COLOR] [COLOR white]TV[/COLOR][/B] [B][COLOR firebrick]●[/COLOR] [COLOR white]Não Vendemos IPTV, Caso Ache Sites ou Mesmo Apps é Falso.[/COLOR][/B]</description>
        <disclaimer>[B][COLOR white]OBRIGADO POR ACESSAR NOSSO[/COLOR] [COLOR gold]ADD-ON[/COLOR][/B]</disclaimer>
        <platform>all</platform>
        <assets>
        <icon>icon.png</icon>
        <fanart>fanart.jpg</fanart>
		</assets>
		<news>v1.0
        - Repository Mega TV
        </news>	
        </extension>
        </addon>
